{
    "1": {
        "f1_overall": [
            0,
            0.381294964028777,
            0.2753503709810387
        ],
        "f1_negative": [
            0.6988847583643123,
            0.693950177935943,
            0.705724807499163
        ],
        "f1_positive": [
            0,
            0.381294964028777,
            0.2753503709810387
        ],
        "precision_overall": [
            0,
            0.6339712918660287,
            0.6929460580912863
        ],
        "precision_positive": [
            0,
            0.6339712918660287,
            0.6929460580912863
        ],
        "precision_negative": [
            0.5371428571428571,
            0.579667063020214,
            0.5669714900484131
        ],
        "recall_overall": [
            0,
            0.2726337448559671,
            0.17181069958847736
        ],
        "recall_positive": [
            0,
            0.2726337448559671,
            0.17181069958847736
        ],
        "recall_negative": [
            1,
            0.8643617021276596,
            0.9343971631205674
        ],
        "confusion_matrix": {
            "1": {
                "fp": 0,
                "fn": 972,
                "tp": 0,
                "tn": 1128,
                "positives": 820,
                "negatives": 1070,
                "total": 1890
            },
            "2": {
                "fp": 153,
                "fn": 707,
                "tp": 265,
                "tn": 975,
                "positives": 849,
                "negatives": 1041,
                "total": 1890
            },
            "3": {
                "fp": 74,
                "fn": 805,
                "tp": 167,
                "tn": 1054,
                "positives": 842,
                "negatives": 1048,
                "total": 1890
            }
        }
    },
    "2": {
        "f1_overall": [
            0.5671806167400881,
            0.6239837398373984,
            0.5759457933370978
        ],
        "f1_negative": [
            0.6703020134228188,
            0.6684587813620072,
            0.6908192671881433
        ],
        "f1_positive": [
            0.5671806167400881,
            0.6239837398373984,
            0.5759457933370978
        ],
        "precision_overall": [
            0.6101895734597157,
            0.6164658634538153,
            0.6382978723404256
        ],
        "precision_positive": [
            0.6101895734597157,
            0.6164658634538153,
            0.6382978723404256
        ],
        "precision_negative": [
            0.6361464968152867,
            0.6757246376811594,
            0.6448885472713297
        ],
        "recall_overall": [
            0.529835390946502,
            0.6316872427983539,
            0.5246913580246914
        ],
        "recall_positive": [
            0.529835390946502,
            0.6316872427983539,
            0.5246913580246914
        ],
        "recall_negative": [
            0.7083333333333334,
            0.6613475177304965,
            0.7437943262411347
        ],
        "confusion_matrix": {
            "1": {
                "fp": 329,
                "fn": 457,
                "tp": 515,
                "tn": 799,
                "positives": 1645,
                "negatives": 2135,
                "total": 3780
            },
            "2": {
                "fp": 382,
                "fn": 358,
                "tp": 614,
                "tn": 746,
                "positives": 1624,
                "negatives": 2156,
                "total": 3780
            },
            "3": {
                "fp": 289,
                "fn": 462,
                "tp": 510,
                "tn": 839,
                "positives": 1638,
                "negatives": 2142,
                "total": 3780
            }
        }
    },
    "3": {
        "f1_overall": [
            0.6786427145708583,
            0.6826826826826826,
            0.6580976863753214
        ],
        "f1_negative": [
            0.7067395264116575,
            0.7120799273387829,
            0.70509977827051
        ],
        "f1_positive": [
            0.6786427145708583,
            0.6826826826826826,
            0.6580976863753214
        ],
        "precision_overall": [
            0.6589147286821705,
            0.6647173489278753,
            0.65775950668037
        ],
        "precision_positive": [
            0.6589147286821705,
            0.6647173489278753,
            0.65775950668037
        ],
        "precision_negative": [
            0.7265917602996255,
            0.7299813780260708,
            0.7054125998225377
        ],
        "recall_overall": [
            0.6995884773662552,
            0.7016460905349794,
            0.6584362139917695
        ],
        "recall_positive": [
            0.6995884773662552,
            0.7016460905349794,
            0.6584362139917695
        ],
        "recall_negative": [
            0.6879432624113475,
            0.6950354609929078,
            0.7047872340425532
        ],
        "confusion_matrix": {
            "1": {
                "fp": 352,
                "fn": 292,
                "tp": 680,
                "tn": 776,
                "positives": 2515,
                "negatives": 3155,
                "total": 5670
            },
            "2": {
                "fp": 344,
                "fn": 290,
                "tp": 682,
                "tn": 784,
                "positives": 2455,
                "negatives": 3215,
                "total": 5670
            },
            "3": {
                "fp": 333,
                "fn": 332,
                "tp": 640,
                "tn": 795,
                "positives": 2451,
                "negatives": 3219,
                "total": 5670
            }
        }
    },
    "4": {
        "f1_overall": [
            0.7190361445783133,
            0.6984126984126984,
            0.6763335059554635
        ],
        "f1_negative": [
            0.7256470588235293,
            0.7216117216117216,
            0.7245482591449979
        ],
        "f1_positive": [
            0.7190361445783133,
            0.6984126984126984,
            0.6763335059554635
        ],
        "precision_overall": [
            0.6763372620126926,
            0.6743295019157088,
            0.6809176225234619
        ],
        "precision_positive": [
            0.6763372620126926,
            0.6743295019157088,
            0.6809176225234619
        ],
        "precision_negative": [
            0.7733199598796389,
            0.7462121212121212,
            0.7204206836108676
        ],
        "recall_overall": [
            0.7674897119341564,
            0.7242798353909465,
            0.6718106995884774
        ],
        "recall_positive": [
            0.7674897119341564,
            0.7242798353909465,
            0.6718106995884774
        ],
        "recall_negative": [
            0.6835106382978723,
            0.6985815602836879,
            0.7287234042553191
        ],
        "confusion_matrix": {
            "1": {
                "fp": 357,
                "fn": 226,
                "tp": 746,
                "tn": 771,
                "positives": 3369,
                "negatives": 4191,
                "total": 7560
            },
            "2": {
                "fp": 340,
                "fn": 268,
                "tp": 704,
                "tn": 788,
                "positives": 3266,
                "negatives": 4294,
                "total": 7560
            },
            "3": {
                "fp": 306,
                "fn": 319,
                "tp": 653,
                "tn": 822,
                "positives": 3270,
                "negatives": 4290,
                "total": 7560
            }
        }
    },
    "5": {
        "f1_overall": [
            0.7067067067067068,
            0.7008032128514056,
            0.7237912876974629
        ],